{
  "web": {
    "client_id": "991335585840-bg9h1ohiu9lpg5tt7lu3nkq63geh4vij.apps.googleusercontent.com",
    "project_id": "neon-deployment-387907",
    "auth_uri": "https://accounts.google.com/o/oauth2/auth",
    "token_uri": "https://oauth2.googleapis.com/token",
    "auth_provider_x509_cert_url": "https://www.googleapis.com/oauth2/v1/certs",
    "client_secret": "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",
    "redirect_uris": [
      "https://localhost:44395",
      "http://127.0.0.1/authorize/",
      "http://localhost/authorize/"
    ],
    "javascript_origins": [
      "https://localhost:44395"
    ]
  }
}